<?xml version="1.0" encoding="utf-8"?>
<wsdl:definitions xmlns:tm="http://microsoft.com/wsdl/mime/textMatching/" xmlns:soapenc="http://schemas.xmlsoap.org/soap/encoding/" xmlns:mime="http://schemas.xmlsoap.org/wsdl/mime/" xmlns:tns="http://ws.PBMExpress.com/" xmlns:soap="http://schemas.xmlsoap.org/wsdl/soap/" xmlns:s1="http://microsoft.com/wsdl/types/" xmlns:s="http://www.w3.org/2001/XMLSchema" xmlns:soap12="http://schemas.xmlsoap.org/wsdl/soap12/" xmlns:http="http://schemas.xmlsoap.org/wsdl/http/" targetNamespace="http://ws.PBMExpress.com/" xmlns:wsdl="http://schemas.xmlsoap.org/wsdl/">
  <wsdl:types>
    <s:schema elementFormDefault="qualified" targetNamespace="http://ws.PBMExpress.com/">
      <s:import namespace="http://microsoft.com/wsdl/types/" />
      <s:element name="GetPharmacies">
        <s:complexType>
          <s:sequence>
            <s:element minOccurs="0" maxOccurs="1" name="PharmacyName" type="s:string" />
            <s:element minOccurs="0" maxOccurs="1" name="ZipCode" type="s:string" />
            <s:element minOccurs="0" maxOccurs="1" name="CarrierID" type="s:string" />
            <s:element minOccurs="0" maxOccurs="1" name="Distance" type="s:string" />
            <s:element minOccurs="1" maxOccurs="1" name="MaxPharmacies" type="s:int" />
          </s:sequence>
        </s:complexType>
      </s:element>
      <s:element name="GetPharmaciesResponse">
        <s:complexType>
          <s:sequence>
            <s:element minOccurs="0" maxOccurs="1" name="GetPharmaciesResult" type="tns:ArrayOfPharmacy" />
          </s:sequence>
        </s:complexType>
      </s:element>
      <s:complexType name="ArrayOfPharmacy">
        <s:sequence>
          <s:element minOccurs="0" maxOccurs="unbounded" name="Pharmacy" nillable="true" type="tns:Pharmacy" />
        </s:sequence>
      </s:complexType>
      <s:complexType name="Pharmacy">
        <s:sequence>
          <s:element minOccurs="0" maxOccurs="1" name="PHARMACYNAME" type="s:string" />
          <s:element minOccurs="0" maxOccurs="1" name="NABP" type="s:string" />
          <s:element minOccurs="0" maxOccurs="1" name="AFFILIATIONCODE" type="s:string" />
          <s:element minOccurs="0" maxOccurs="1" name="PHARMADDR1" type="s:string" />
          <s:element minOccurs="0" maxOccurs="1" name="PHARMADDR2" type="s:string" />
          <s:element minOccurs="0" maxOccurs="1" name="PHARMCITY" type="s:string" />
          <s:element minOccurs="0" maxOccurs="1" name="PHARMSTATE" type="s:string" />
          <s:element minOccurs="0" maxOccurs="1" name="PHARMZIP" type="s:string" />
          <s:element minOccurs="0" maxOccurs="1" name="PHONE" type="s:string" />
          <s:element minOccurs="1" maxOccurs="1" name="LATITUDE" type="s:double" />
          <s:element minOccurs="1" maxOccurs="1" name="LONGITUDE" type="s:double" />
          <s:element minOccurs="1" maxOccurs="1" name="DISTANCE" type="s:double" />
          <s:element minOccurs="0" maxOccurs="1" name="DISPTYPE" type="s:string" />
          <s:element minOccurs="0" maxOccurs="1" name="DISPCLASS" type="s:string" />
          <s:element minOccurs="0" maxOccurs="1" name="ICON" type="s:string" />
          <s:element minOccurs="0" maxOccurs="1" name="MONHOURS" type="s:string" />
          <s:element minOccurs="0" maxOccurs="1" name="TUEHOURS" type="s:string" />
          <s:element minOccurs="0" maxOccurs="1" name="WEDHOURS" type="s:string" />
          <s:element minOccurs="0" maxOccurs="1" name="THUHOURS" type="s:string" />
          <s:element minOccurs="0" maxOccurs="1" name="FRIHOURS" type="s:string" />
          <s:element minOccurs="0" maxOccurs="1" name="SATHOURS" type="s:string" />
          <s:element minOccurs="0" maxOccurs="1" name="SUNHOURS" type="s:string" />
          <s:element minOccurs="1" maxOccurs="1" name="RETAIL90" type="s:boolean" />
          <s:element minOccurs="1" maxOccurs="1" name="VACCINENETWORK" type="s:boolean" />
          <s:element minOccurs="1" maxOccurs="1" name="RX90" type="s:boolean" />
        </s:sequence>
      </s:complexType>
      <s:element name="UserCredentials" type="tns:UserCredentials" />
      <s:complexType name="UserCredentials">
        <s:sequence>
          <s:element minOccurs="0" maxOccurs="1" name="UserID" type="s:string" />
          <s:element minOccurs="0" maxOccurs="1" name="Password" type="s:string" />
        </s:sequence>
        <s:anyAttribute />
      </s:complexType>
      <s:element name="GetPharmacyByNABP">
        <s:complexType>
          <s:sequence>
            <s:element minOccurs="0" maxOccurs="1" name="NABP" type="s:string" />
            <s:element minOccurs="0" maxOccurs="1" name="CarrierID" type="s:string" />
          </s:sequence>
        </s:complexType>
      </s:element>
      <s:element name="GetPharmacyByNABPResponse">
        <s:complexType>
          <s:sequence>
            <s:element minOccurs="0" maxOccurs="1" name="GetPharmacyByNABPResult" type="tns:Pharmacy" />
          </s:sequence>
        </s:complexType>
      </s:element>
      <s:element name="GetPharmaciesByLatLong">
        <s:complexType>
          <s:sequence>
            <s:element minOccurs="0" maxOccurs="1" name="Latitude" type="s:string" />
            <s:element minOccurs="0" maxOccurs="1" name="Longitude" type="s:string" />
            <s:element minOccurs="0" maxOccurs="1" name="CarrierID" type="s:string" />
            <s:element minOccurs="0" maxOccurs="1" name="Distance" type="s:string" />
            <s:element minOccurs="1" maxOccurs="1" name="MaxPharmacies" type="s:int" />
          </s:sequence>
        </s:complexType>
      </s:element>
      <s:element name="GetPharmaciesByLatLongResponse">
        <s:complexType>
          <s:sequence>
            <s:element minOccurs="0" maxOccurs="1" name="GetPharmaciesByLatLongResult" type="tns:ArrayOfPharmacy" />
          </s:sequence>
        </s:complexType>
      </s:element>
      <s:element name="GetPharmaciesByLatLongAndMember">
        <s:complexType>
          <s:sequence>
            <s:element minOccurs="0" maxOccurs="1" name="Latitude" type="s:string" />
            <s:element minOccurs="0" maxOccurs="1" name="Longitude" type="s:string" />
            <s:element minOccurs="0" maxOccurs="1" name="CarrierID" type="s:string" />
            <s:element minOccurs="0" maxOccurs="1" name="Distance" type="s:string" />
            <s:element minOccurs="1" maxOccurs="1" name="MaxPharmacies" type="s:int" />
            <s:element minOccurs="0" maxOccurs="1" name="MemberID" type="s:string" />
            <s:element minOccurs="0" maxOccurs="1" name="PersonCode" type="s:string" />
          </s:sequence>
        </s:complexType>
      </s:element>
      <s:element name="GetPharmaciesByLatLongAndMemberResponse">
        <s:complexType>
          <s:sequence>
            <s:element minOccurs="0" maxOccurs="1" name="GetPharmaciesByLatLongAndMemberResult" type="tns:ArrayOfPharmacy" />
          </s:sequence>
        </s:complexType>
      </s:element>
      <s:element name="GetDrugPricingByNABP">
        <s:complexType>
          <s:sequence>
            <s:element minOccurs="0" maxOccurs="1" name="NDC" type="s:string" />
            <s:element minOccurs="1" maxOccurs="1" name="Qty" type="s:decimal" />
            <s:element minOccurs="1" maxOccurs="1" name="Days" type="s:int" />
            <s:element minOccurs="0" maxOccurs="1" name="NABP" type="s:string" />
            <s:element minOccurs="0" maxOccurs="1" name="CarrierID" type="s:string" />
            <s:element minOccurs="0" maxOccurs="1" name="GroupID" type="s:string" />
            <s:element minOccurs="0" maxOccurs="1" name="MemberID" type="s:string" />
            <s:element minOccurs="0" maxOccurs="1" name="PersonCode" type="s:string" />
            <s:element minOccurs="0" maxOccurs="1" name="DOB" type="s:string" />
          </s:sequence>
        </s:complexType>
      </s:element>
      <s:element name="GetDrugPricingByNABPResponse">
        <s:complexType>
          <s:sequence>
            <s:element minOccurs="0" maxOccurs="1" name="GetDrugPricingByNABPResult" type="tns:AdjResponse" />
          </s:sequence>
        </s:complexType>
      </s:element>
      <s:complexType name="AdjResponse">
        <s:sequence>
          <s:element minOccurs="0" maxOccurs="1" name="Drug" type="tns:Drug" />
          <s:element minOccurs="0" maxOccurs="1" name="RxClaims" type="tns:ArrayOfRxClaim" />
        </s:sequence>
      </s:complexType>
      <s:complexType name="Drug">
        <s:sequence>
          <s:element minOccurs="0" maxOccurs="1" name="NDCUPCHRI" type="s:string" />
          <s:element minOccurs="0" maxOccurs="1" name="ALTNDC" type="s:string" />
          <s:element minOccurs="0" maxOccurs="1" name="PRODDESCABBREV" type="s:string" />
          <s:element minOccurs="0" maxOccurs="1" name="ALTDRUGNAME" type="s:string" />
          <s:element minOccurs="0" maxOccurs="1" name="STRENGTH" type="s:string" />
          <s:element minOccurs="0" maxOccurs="1" name="STRENGTHUOM" type="s:string" />
          <s:element minOccurs="0" maxOccurs="1" name="MULTISOURCE" type="s:string" />
          <s:element minOccurs="0" maxOccurs="1" name="TYPE" type="s:string" />
          <s:element minOccurs="1" maxOccurs="1" name="PACKAGESIZE" type="s:decimal" />
          <s:element minOccurs="0" maxOccurs="1" name="PRODNAME" type="s:string" />
          <s:element minOccurs="0" maxOccurs="1" name="GPI" type="s:string" />
          <s:element minOccurs="0" maxOccurs="1" name="DOSAGEFORM" type="s:string" />
          <s:element minOccurs="0" maxOccurs="1" name="FORMDESCRIPTION" type="s:string" />
          <s:element minOccurs="0" maxOccurs="1" name="QTYTYPE" type="s:string" />
          <s:element minOccurs="1" maxOccurs="1" name="OTC" type="s:boolean" />
          <s:element minOccurs="1" maxOccurs="1" name="INGREDIENT" type="s:boolean" />
          <s:element minOccurs="1" maxOccurs="1" name="USESTRENGTH" type="s:boolean" />
          <s:element minOccurs="1" maxOccurs="1" name="MAINTDRUGCODE" type="s:boolean" />
        </s:sequence>
      </s:complexType>
      <s:complexType name="ArrayOfRxClaim">
        <s:sequence>
          <s:element minOccurs="0" maxOccurs="unbounded" name="RxClaim" nillable="true" type="tns:RxClaim" />
        </s:sequence>
      </s:complexType>
      <s:complexType name="RxClaim">
        <s:sequence>
          <s:element minOccurs="0" maxOccurs="1" name="Response" type="tns:Response" />
          <s:element minOccurs="0" maxOccurs="1" name="DrugCost" type="tns:DrugCost" />
          <s:element minOccurs="0" maxOccurs="1" name="Pharmacy" type="tns:Pharmacy" />
        </s:sequence>
      </s:complexType>
      <s:complexType name="Response">
        <s:sequence>
          <s:element minOccurs="0" maxOccurs="1" name="Status" type="s:string" />
          <s:element minOccurs="0" maxOccurs="1" name="Message" type="s:string" />
        </s:sequence>
      </s:complexType>
      <s:complexType name="DrugCost">
        <s:sequence>
          <s:element minOccurs="0" maxOccurs="1" name="Copay" type="s:string" />
          <s:element minOccurs="0" maxOccurs="1" name="PlanPay" type="s:string" />
          <s:element minOccurs="0" maxOccurs="1" name="UNCPrice" type="s:string" />
        </s:sequence>
      </s:complexType>
      <s:element name="GetDrugPricingByZipcode">
        <s:complexType>
          <s:sequence>
            <s:element minOccurs="0" maxOccurs="1" name="NDC" type="s:string" />
            <s:element minOccurs="1" maxOccurs="1" name="Qty" type="s:decimal" />
            <s:element minOccurs="1" maxOccurs="1" name="Days" type="s:int" />
            <s:element minOccurs="0" maxOccurs="1" name="ZipCode" type="s:string" />
            <s:element minOccurs="0" maxOccurs="1" name="CarrierID" type="s:string" />
            <s:element minOccurs="0" maxOccurs="1" name="GroupID" type="s:string" />
            <s:element minOccurs="0" maxOccurs="1" name="Distance" type="s:string" />
            <s:element minOccurs="1" maxOccurs="1" name="MaxPharmacies" type="s:int" />
          </s:sequence>
        </s:complexType>
      </s:element>
      <s:element name="GetDrugPricingByZipcodeResponse">
        <s:complexType>
          <s:sequence>
            <s:element minOccurs="0" maxOccurs="1" name="GetDrugPricingByZipcodeResult" type="tns:AdjResponse" />
          </s:sequence>
        </s:complexType>
      </s:element>
      <s:element name="GetDrugPricingByLatLong">
        <s:complexType>
          <s:sequence>
            <s:element minOccurs="0" maxOccurs="1" name="NDC" type="s:string" />
            <s:element minOccurs="1" maxOccurs="1" name="Qty" type="s:decimal" />
            <s:element minOccurs="1" maxOccurs="1" name="Days" type="s:int" />
            <s:element minOccurs="0" maxOccurs="1" name="Latitude" type="s:string" />
            <s:element minOccurs="0" maxOccurs="1" name="Longitude" type="s:string" />
            <s:element minOccurs="0" maxOccurs="1" name="CarrierID" type="s:string" />
            <s:element minOccurs="0" maxOccurs="1" name="GroupID" type="s:string" />
            <s:element minOccurs="0" maxOccurs="1" name="Distance" type="s:string" />
            <s:element minOccurs="1" maxOccurs="1" name="MaxPharmacies" type="s:int" />
          </s:sequence>
        </s:complexType>
      </s:element>
      <s:element name="GetDrugPricingByLatLongResponse">
        <s:complexType>
          <s:sequence>
            <s:element minOccurs="0" maxOccurs="1" name="GetDrugPricingByLatLongResult" type="tns:AdjResponse" />
          </s:sequence>
        </s:complexType>
      </s:element>
      <s:element name="GetDrugsByName">
        <s:complexType>
          <s:sequence>
            <s:element minOccurs="0" maxOccurs="1" name="CarrierID" type="s:string" />
            <s:element minOccurs="0" maxOccurs="1" name="DrugName" type="s:string" />
          </s:sequence>
        </s:complexType>
      </s:element>
      <s:element name="GetDrugsByNameResponse">
        <s:complexType>
          <s:sequence>
            <s:element minOccurs="0" maxOccurs="1" name="GetDrugsByNameResult" type="tns:ArrayOfDrug" />
          </s:sequence>
        </s:complexType>
      </s:element>
      <s:complexType name="ArrayOfDrug">
        <s:sequence>
          <s:element minOccurs="0" maxOccurs="unbounded" name="Drug" nillable="true" type="tns:Drug" />
        </s:sequence>
      </s:complexType>
      <s:element name="DrugSearchByProdName">
        <s:complexType>
          <s:sequence>
            <s:element minOccurs="0" maxOccurs="1" name="CarrierID" type="s:string" />
            <s:element minOccurs="0" maxOccurs="1" name="ProductName" type="s:string" />
            <s:element minOccurs="1" maxOccurs="1" name="SearchType" type="tns:DrugSearchType" />
          </s:sequence>
        </s:complexType>
      </s:element>
      <s:simpleType name="DrugSearchType">
        <s:restriction base="s:string">
          <s:enumeration value="ProductName" />
          <s:enumeration value="TherapeuticClass" />
          <s:enumeration value="Dosages" />
          <s:enumeration value="ProductNameAndTherapeuticClass" />
        </s:restriction>
      </s:simpleType>
      <s:element name="DrugSearchByProdNameResponse">
        <s:complexType>
          <s:sequence>
            <s:element minOccurs="0" maxOccurs="1" name="DrugSearchByProdNameResult" type="tns:ArrayOfDrug" />
          </s:sequence>
        </s:complexType>
      </s:element>
      <s:element name="GetGenericEquivalentByBrandNDC">
        <s:complexType>
          <s:sequence>
            <s:element minOccurs="0" maxOccurs="1" name="CarrierID" type="s:string" />
            <s:element minOccurs="0" maxOccurs="1" name="NDC" type="s:string" />
          </s:sequence>
        </s:complexType>
      </s:element>
      <s:element name="GetGenericEquivalentByBrandNDCResponse">
        <s:complexType>
          <s:sequence>
            <s:element minOccurs="0" maxOccurs="1" name="GetGenericEquivalentByBrandNDCResult" type="tns:Drug" />
          </s:sequence>
        </s:complexType>
      </s:element>
      <s:element name="GetBrandEquivalentByGenericNDC">
        <s:complexType>
          <s:sequence>
            <s:element minOccurs="0" maxOccurs="1" name="CarrierID" type="s:string" />
            <s:element minOccurs="0" maxOccurs="1" name="NDC" type="s:string" />
          </s:sequence>
        </s:complexType>
      </s:element>
      <s:element name="GetBrandEquivalentByGenericNDCResponse">
        <s:complexType>
          <s:sequence>
            <s:element minOccurs="0" maxOccurs="1" name="GetBrandEquivalentByGenericNDCResult" type="tns:Drug" />
          </s:sequence>
        </s:complexType>
      </s:element>
      <s:element name="ClaimsHistory">
        <s:complexType>
          <s:sequence>
            <s:element minOccurs="0" maxOccurs="1" name="CarrierID" type="s:string" />
            <s:element minOccurs="0" maxOccurs="1" name="GroupID" type="s:string" />
            <s:element minOccurs="0" maxOccurs="1" name="MemberID" type="s:string" />
            <s:element minOccurs="1" maxOccurs="1" name="PersonCode" type="s:int" />
            <s:element minOccurs="1" maxOccurs="1" name="StartDate" type="s:dateTime" />
            <s:element minOccurs="1" maxOccurs="1" name="EndDate" type="s:dateTime" />
          </s:sequence>
        </s:complexType>
      </s:element>
      <s:element name="ClaimsHistoryResponse">
        <s:complexType>
          <s:sequence>
            <s:element minOccurs="0" maxOccurs="1" name="ClaimsHistoryResult" type="tns:ArrayOfClaim" />
          </s:sequence>
        </s:complexType>
      </s:element>
      <s:complexType name="ArrayOfClaim">
        <s:sequence>
          <s:element minOccurs="0" maxOccurs="unbounded" name="Claim" nillable="true" type="tns:Claim" />
        </s:sequence>
      </s:complexType>
      <s:complexType name="Claim">
        <s:sequence>
          <s:element minOccurs="0" maxOccurs="1" name="Drug" type="tns:Drug" />
          <s:element minOccurs="1" maxOccurs="1" name="RxNumber" type="s:long" />
          <s:element minOccurs="1" maxOccurs="1" name="FillDate" type="s:dateTime" />
          <s:element minOccurs="1" maxOccurs="1" name="Quantity" type="s:decimal" />
          <s:element minOccurs="1" maxOccurs="1" name="DaysSupply" type="s:decimal" />
          <s:element minOccurs="0" maxOccurs="1" name="PrescriberID" type="s:string" />
          <s:element minOccurs="0" maxOccurs="1" name="PrescriberName" type="s:string" />
          <s:element minOccurs="0" maxOccurs="1" name="PharmacyID" type="s:string" />
          <s:element minOccurs="0" maxOccurs="1" name="PharmacyName" type="s:string" />
          <s:element minOccurs="0" maxOccurs="1" name="PharmacyType" type="s:string" />
          <s:element minOccurs="0" maxOccurs="1" name="PharmacyZip" type="s:string" />
          <s:element minOccurs="1" maxOccurs="1" name="PlanPaid" type="s:decimal" />
          <s:element minOccurs="1" maxOccurs="1" name="OutOfPocket" type="s:decimal" />
          <s:element minOccurs="1" maxOccurs="1" name="Deductible" type="s:decimal" />
          <s:element minOccurs="1" maxOccurs="1" name="MemberPaid" type="s:decimal" />
          <s:element minOccurs="1" maxOccurs="1" name="TotalPrice" type="s:decimal" />
          <s:element minOccurs="0" maxOccurs="1" name="DAW" type="s:string" />
          <s:element minOccurs="1" maxOccurs="1" name="Reversed" type="s:boolean" />
          <s:element minOccurs="1" maxOccurs="1" name="Refillable" type="s:boolean" />
        </s:sequence>
      </s:complexType>
      <s:element name="NetClaimsHistory">
        <s:complexType>
          <s:sequence>
            <s:element minOccurs="0" maxOccurs="1" name="CarrierID" type="s:string" />
            <s:element minOccurs="0" maxOccurs="1" name="GroupID" type="s:string" />
            <s:element minOccurs="0" maxOccurs="1" name="MemberID" type="s:string" />
            <s:element minOccurs="1" maxOccurs="1" name="PersonCode" type="s:int" />
            <s:element minOccurs="1" maxOccurs="1" name="StartDate" type="s:dateTime" />
            <s:element minOccurs="1" maxOccurs="1" name="EndDate" type="s:dateTime" />
          </s:sequence>
        </s:complexType>
      </s:element>
      <s:element name="NetClaimsHistoryResponse">
        <s:complexType>
          <s:sequence>
            <s:element minOccurs="0" maxOccurs="1" name="NetClaimsHistoryResult" type="tns:ArrayOfClaim" />
          </s:sequence>
        </s:complexType>
      </s:element>
      <s:element name="GetCarrierGroups">
        <s:complexType>
          <s:sequence>
            <s:element minOccurs="0" maxOccurs="1" name="CarrierID" type="s:string" />
          </s:sequence>
        </s:complexType>
      </s:element>
      <s:element name="GetCarrierGroupsResponse">
        <s:complexType>
          <s:sequence>
            <s:element minOccurs="0" maxOccurs="1" name="GetCarrierGroupsResult" type="tns:Carrier" />
          </s:sequence>
        </s:complexType>
      </s:element>
      <s:complexType name="Carrier">
        <s:sequence>
          <s:element minOccurs="0" maxOccurs="1" name="CARRIERCODE" type="s:string" />
          <s:element minOccurs="0" maxOccurs="1" name="CARRIERNAME" type="s:string" />
          <s:element minOccurs="0" maxOccurs="1" name="Groups" type="tns:ArrayOfGroups" />
        </s:sequence>
      </s:complexType>
      <s:complexType name="ArrayOfGroups">
        <s:sequence>
          <s:element minOccurs="0" maxOccurs="unbounded" name="Groups" nillable="true" type="tns:Groups" />
        </s:sequence>
      </s:complexType>
      <s:complexType name="Groups">
        <s:sequence>
          <s:element minOccurs="0" maxOccurs="1" name="GROUPNUM" type="s:string" />
          <s:element minOccurs="0" maxOccurs="1" name="GROUPNAME" type="s:string" />
          <s:element minOccurs="1" maxOccurs="1" name="STARTDATE" type="s:dateTime" />
          <s:element minOccurs="1" maxOccurs="1" name="TERMINATIONDATE" type="s:dateTime" />
        </s:sequence>
      </s:complexType>
      <s:element name="GetMemberInformation">
        <s:complexType>
          <s:sequence>
            <s:element minOccurs="0" maxOccurs="1" name="MemberID" type="s:string" />
            <s:element minOccurs="0" maxOccurs="1" name="PersonCode" type="s:string" />
            <s:element minOccurs="0" maxOccurs="1" name="CarrierID" type="s:string" />
          </s:sequence>
        </s:complexType>
      </s:element>
      <s:element name="GetMemberInformationResponse">
        <s:complexType>
          <s:sequence>
            <s:element minOccurs="0" maxOccurs="1" name="GetMemberInformationResult" type="tns:Member" />
          </s:sequence>
        </s:complexType>
      </s:element>
      <s:complexType name="Member">
        <s:sequence>
          <s:element minOccurs="0" maxOccurs="1" name="MemberID" type="s:string" />
          <s:element minOccurs="1" maxOccurs="1" name="PersonCode" type="s:int" />
          <s:element minOccurs="0" maxOccurs="1" name="FirstName" type="s:string" />
          <s:element minOccurs="0" maxOccurs="1" name="LastName" type="s:string" />
          <s:element minOccurs="0" maxOccurs="1" name="DOB" type="s:string" />
          <s:element minOccurs="1" maxOccurs="1" name="Gender" type="s1:char" />
          <s:element minOccurs="1" maxOccurs="1" name="RelationID" type="s:int" />
          <s:element minOccurs="0" maxOccurs="1" name="GroupID" type="s:string" />
          <s:element minOccurs="0" maxOccurs="1" name="Carrier" type="s:string" />
          <s:element minOccurs="0" maxOccurs="1" name="ZipCode" type="s:string" />
        </s:sequence>
      </s:complexType>
    </s:schema>
    <s:schema elementFormDefault="qualified" targetNamespace="http://microsoft.com/wsdl/types/">
      <s:simpleType name="char">
        <s:restriction base="s:unsignedShort" />
      </s:simpleType>
    </s:schema>
  </wsdl:types>
  <wsdl:message name="GetPharmaciesSoapIn">
    <wsdl:part name="parameters" element="tns:GetPharmacies" />
  </wsdl:message>
  <wsdl:message name="GetPharmaciesSoapOut">
    <wsdl:part name="parameters" element="tns:GetPharmaciesResponse" />
  </wsdl:message>
  <wsdl:message name="GetPharmaciesUserCredentials">
    <wsdl:part name="UserCredentials" element="tns:UserCredentials" />
  </wsdl:message>
  <wsdl:message name="GetPharmacyByNABPSoapIn">
    <wsdl:part name="parameters" element="tns:GetPharmacyByNABP" />
  </wsdl:message>
  <wsdl:message name="GetPharmacyByNABPSoapOut">
    <wsdl:part name="parameters" element="tns:GetPharmacyByNABPResponse" />
  </wsdl:message>
  <wsdl:message name="GetPharmacyByNABPUserCredentials">
    <wsdl:part name="UserCredentials" element="tns:UserCredentials" />
  </wsdl:message>
  <wsdl:message name="GetPharmaciesByLatLongSoapIn">
    <wsdl:part name="parameters" element="tns:GetPharmaciesByLatLong" />
  </wsdl:message>
  <wsdl:message name="GetPharmaciesByLatLongSoapOut">
    <wsdl:part name="parameters" element="tns:GetPharmaciesByLatLongResponse" />
  </wsdl:message>
  <wsdl:message name="GetPharmaciesByLatLongUserCredentials">
    <wsdl:part name="UserCredentials" element="tns:UserCredentials" />
  </wsdl:message>
  <wsdl:message name="GetPharmaciesByLatLongAndMemberSoapIn">
    <wsdl:part name="parameters" element="tns:GetPharmaciesByLatLongAndMember" />
  </wsdl:message>
  <wsdl:message name="GetPharmaciesByLatLongAndMemberSoapOut">
    <wsdl:part name="parameters" element="tns:GetPharmaciesByLatLongAndMemberResponse" />
  </wsdl:message>
  <wsdl:message name="GetPharmaciesByLatLongAndMemberUserCredentials">
    <wsdl:part name="UserCredentials" element="tns:UserCredentials" />
  </wsdl:message>
  <wsdl:message name="GetDrugPricingByNABPSoapIn">
    <wsdl:part name="parameters" element="tns:GetDrugPricingByNABP" />
  </wsdl:message>
  <wsdl:message name="GetDrugPricingByNABPSoapOut">
    <wsdl:part name="parameters" element="tns:GetDrugPricingByNABPResponse" />
  </wsdl:message>
  <wsdl:message name="GetDrugPricingByNABPUserCredentials">
    <wsdl:part name="UserCredentials" element="tns:UserCredentials" />
  </wsdl:message>
  <wsdl:message name="GetDrugPricingByZipcodeSoapIn">
    <wsdl:part name="parameters" element="tns:GetDrugPricingByZipcode" />
  </wsdl:message>
  <wsdl:message name="GetDrugPricingByZipcodeSoapOut">
    <wsdl:part name="parameters" element="tns:GetDrugPricingByZipcodeResponse" />
  </wsdl:message>
  <wsdl:message name="GetDrugPricingByZipcodeUserCredentials">
    <wsdl:part name="UserCredentials" element="tns:UserCredentials" />
  </wsdl:message>
  <wsdl:message name="GetDrugPricingByLatLongSoapIn">
    <wsdl:part name="parameters" element="tns:GetDrugPricingByLatLong" />
  </wsdl:message>
  <wsdl:message name="GetDrugPricingByLatLongSoapOut">
    <wsdl:part name="parameters" element="tns:GetDrugPricingByLatLongResponse" />
  </wsdl:message>
  <wsdl:message name="GetDrugPricingByLatLongUserCredentials">
    <wsdl:part name="UserCredentials" element="tns:UserCredentials" />
  </wsdl:message>
  <wsdl:message name="GetDrugsByNameSoapIn">
    <wsdl:part name="parameters" element="tns:GetDrugsByName" />
  </wsdl:message>
  <wsdl:message name="GetDrugsByNameSoapOut">
    <wsdl:part name="parameters" element="tns:GetDrugsByNameResponse" />
  </wsdl:message>
  <wsdl:message name="GetDrugsByNameUserCredentials">
    <wsdl:part name="UserCredentials" element="tns:UserCredentials" />
  </wsdl:message>
  <wsdl:message name="DrugSearchByProdNameSoapIn">
    <wsdl:part name="parameters" element="tns:DrugSearchByProdName" />
  </wsdl:message>
  <wsdl:message name="DrugSearchByProdNameSoapOut">
    <wsdl:part name="parameters" element="tns:DrugSearchByProdNameResponse" />
  </wsdl:message>
  <wsdl:message name="DrugSearchByProdNameUserCredentials">
    <wsdl:part name="UserCredentials" element="tns:UserCredentials" />
  </wsdl:message>
  <wsdl:message name="GetGenericEquivalentByBrandNDCSoapIn">
    <wsdl:part name="parameters" element="tns:GetGenericEquivalentByBrandNDC" />
  </wsdl:message>
  <wsdl:message name="GetGenericEquivalentByBrandNDCSoapOut">
    <wsdl:part name="parameters" element="tns:GetGenericEquivalentByBrandNDCResponse" />
  </wsdl:message>
  <wsdl:message name="GetGenericEquivalentByBrandNDCUserCredentials">
    <wsdl:part name="UserCredentials" element="tns:UserCredentials" />
  </wsdl:message>
  <wsdl:message name="GetBrandEquivalentByGenericNDCSoapIn">
    <wsdl:part name="parameters" element="tns:GetBrandEquivalentByGenericNDC" />
  </wsdl:message>
  <wsdl:message name="GetBrandEquivalentByGenericNDCSoapOut">
    <wsdl:part name="parameters" element="tns:GetBrandEquivalentByGenericNDCResponse" />
  </wsdl:message>
  <wsdl:message name="GetBrandEquivalentByGenericNDCUserCredentials">
    <wsdl:part name="UserCredentials" element="tns:UserCredentials" />
  </wsdl:message>
  <wsdl:message name="ClaimsHistorySoapIn">
    <wsdl:part name="parameters" element="tns:ClaimsHistory" />
  </wsdl:message>
  <wsdl:message name="ClaimsHistorySoapOut">
    <wsdl:part name="parameters" element="tns:ClaimsHistoryResponse" />
  </wsdl:message>
  <wsdl:message name="ClaimsHistoryUserCredentials">
    <wsdl:part name="UserCredentials" element="tns:UserCredentials" />
  </wsdl:message>
  <wsdl:message name="NetClaimsHistorySoapIn">
    <wsdl:part name="parameters" element="tns:NetClaimsHistory" />
  </wsdl:message>
  <wsdl:message name="NetClaimsHistorySoapOut">
    <wsdl:part name="parameters" element="tns:NetClaimsHistoryResponse" />
  </wsdl:message>
  <wsdl:message name="NetClaimsHistoryUserCredentials">
    <wsdl:part name="UserCredentials" element="tns:UserCredentials" />
  </wsdl:message>
  <wsdl:message name="GetCarrierGroupsSoapIn">
    <wsdl:part name="parameters" element="tns:GetCarrierGroups" />
  </wsdl:message>
  <wsdl:message name="GetCarrierGroupsSoapOut">
    <wsdl:part name="parameters" element="tns:GetCarrierGroupsResponse" />
  </wsdl:message>
  <wsdl:message name="GetCarrierGroupsUserCredentials">
    <wsdl:part name="UserCredentials" element="tns:UserCredentials" />
  </wsdl:message>
  <wsdl:message name="GetMemberInformationSoapIn">
    <wsdl:part name="parameters" element="tns:GetMemberInformation" />
  </wsdl:message>
  <wsdl:message name="GetMemberInformationSoapOut">
    <wsdl:part name="parameters" element="tns:GetMemberInformationResponse" />
  </wsdl:message>
  <wsdl:message name="GetMemberInformationUserCredentials">
    <wsdl:part name="UserCredentials" element="tns:UserCredentials" />
  </wsdl:message>
  <wsdl:portType name="PBMExpressSoap">
    <wsdl:operation name="GetPharmacies">
      <wsdl:input message="tns:GetPharmaciesSoapIn" />
      <wsdl:output message="tns:GetPharmaciesSoapOut" />
    </wsdl:operation>
    <wsdl:operation name="GetPharmacyByNABP">
      <wsdl:input message="tns:GetPharmacyByNABPSoapIn" />
      <wsdl:output message="tns:GetPharmacyByNABPSoapOut" />
    </wsdl:operation>
    <wsdl:operation name="GetPharmaciesByLatLong">
      <wsdl:input message="tns:GetPharmaciesByLatLongSoapIn" />
      <wsdl:output message="tns:GetPharmaciesByLatLongSoapOut" />
    </wsdl:operation>
    <wsdl:operation name="GetPharmaciesByLatLongAndMember">
      <wsdl:input message="tns:GetPharmaciesByLatLongAndMemberSoapIn" />
      <wsdl:output message="tns:GetPharmaciesByLatLongAndMemberSoapOut" />
    </wsdl:operation>
    <wsdl:operation name="GetDrugPricingByNABP">
      <wsdl:input message="tns:GetDrugPricingByNABPSoapIn" />
      <wsdl:output message="tns:GetDrugPricingByNABPSoapOut" />
    </wsdl:operation>
    <wsdl:operation name="GetDrugPricingByZipcode">
      <wsdl:input message="tns:GetDrugPricingByZipcodeSoapIn" />
      <wsdl:output message="tns:GetDrugPricingByZipcodeSoapOut" />
    </wsdl:operation>
    <wsdl:operation name="GetDrugPricingByLatLong">
      <wsdl:input message="tns:GetDrugPricingByLatLongSoapIn" />
      <wsdl:output message="tns:GetDrugPricingByLatLongSoapOut" />
    </wsdl:operation>
    <wsdl:operation name="GetDrugsByName">
      <wsdl:input message="tns:GetDrugsByNameSoapIn" />
      <wsdl:output message="tns:GetDrugsByNameSoapOut" />
    </wsdl:operation>
    <wsdl:operation name="DrugSearchByProdName">
      <wsdl:input message="tns:DrugSearchByProdNameSoapIn" />
      <wsdl:output message="tns:DrugSearchByProdNameSoapOut" />
    </wsdl:operation>
    <wsdl:operation name="GetGenericEquivalentByBrandNDC">
      <wsdl:input message="tns:GetGenericEquivalentByBrandNDCSoapIn" />
      <wsdl:output message="tns:GetGenericEquivalentByBrandNDCSoapOut" />
    </wsdl:operation>
    <wsdl:operation name="GetBrandEquivalentByGenericNDC">
      <wsdl:input message="tns:GetBrandEquivalentByGenericNDCSoapIn" />
      <wsdl:output message="tns:GetBrandEquivalentByGenericNDCSoapOut" />
    </wsdl:operation>
    <wsdl:operation name="ClaimsHistory">
      <wsdl:input message="tns:ClaimsHistorySoapIn" />
      <wsdl:output message="tns:ClaimsHistorySoapOut" />
    </wsdl:operation>
    <wsdl:operation name="NetClaimsHistory">
      <wsdl:input message="tns:NetClaimsHistorySoapIn" />
      <wsdl:output message="tns:NetClaimsHistorySoapOut" />
    </wsdl:operation>
    <wsdl:operation name="GetCarrierGroups">
      <wsdl:input message="tns:GetCarrierGroupsSoapIn" />
      <wsdl:output message="tns:GetCarrierGroupsSoapOut" />
    </wsdl:operation>
    <wsdl:operation name="GetMemberInformation">
      <wsdl:input message="tns:GetMemberInformationSoapIn" />
      <wsdl:output message="tns:GetMemberInformationSoapOut" />
    </wsdl:operation>
  </wsdl:portType>
  <wsdl:binding name="PBMExpressSoap" type="tns:PBMExpressSoap">
    <soap:binding transport="http://schemas.xmlsoap.org/soap/http" />
    <wsdl:operation name="GetPharmacies">
      <soap:operation soapAction="http://ws.PBMExpress.com/GetPharmacies" style="document" />
      <wsdl:input>
        <soap:body use="literal" />
        <soap:header message="tns:GetPharmaciesUserCredentials" part="UserCredentials" use="literal" />
      </wsdl:input>
      <wsdl:output>
        <soap:body use="literal" />
      </wsdl:output>
    </wsdl:operation>
    <wsdl:operation name="GetPharmacyByNABP">
      <soap:operation soapAction="http://ws.PBMExpress.com/GetPharmacyByNABP" style="document" />
      <wsdl:input>
        <soap:body use="literal" />
        <soap:header message="tns:GetPharmacyByNABPUserCredentials" part="UserCredentials" use="literal" />
      </wsdl:input>
      <wsdl:output>
        <soap:body use="literal" />
      </wsdl:output>
    </wsdl:operation>
    <wsdl:operation name="GetPharmaciesByLatLong">
      <soap:operation soapAction="http://ws.PBMExpress.com/GetPharmaciesByLatLong" style="document" />
      <wsdl:input>
        <soap:body use="literal" />
        <soap:header message="tns:GetPharmaciesByLatLongUserCredentials" part="UserCredentials" use="literal" />
      </wsdl:input>
      <wsdl:output>
        <soap:body use="literal" />
      </wsdl:output>
    </wsdl:operation>
    <wsdl:operation name="GetPharmaciesByLatLongAndMember">
      <soap:operation soapAction="http://ws.PBMExpress.com/GetPharmaciesByLatLongAndMember" style="document" />
      <wsdl:input>
        <soap:body use="literal" />
        <soap:header message="tns:GetPharmaciesByLatLongAndMemberUserCredentials" part="UserCredentials" use="literal" />
      </wsdl:input>
      <wsdl:output>
        <soap:body use="literal" />
      </wsdl:output>
    </wsdl:operation>
    <wsdl:operation name="GetDrugPricingByNABP">
      <soap:operation soapAction="http://ws.PBMExpress.com/GetDrugPricingByNABP" style="document" />
      <wsdl:input>
        <soap:body use="literal" />
        <soap:header message="tns:GetDrugPricingByNABPUserCredentials" part="UserCredentials" use="literal" />
      </wsdl:input>
      <wsdl:output>
        <soap:body use="literal" />
      </wsdl:output>
    </wsdl:operation>
    <wsdl:operation name="GetDrugPricingByZipcode">
      <soap:operation soapAction="http://ws.PBMExpress.com/GetDrugPricingByZipcode" style="document" />
      <wsdl:input>
        <soap:body use="literal" />
        <soap:header message="tns:GetDrugPricingByZipcodeUserCredentials" part="UserCredentials" use="literal" />
      </wsdl:input>
      <wsdl:output>
        <soap:body use="literal" />
      </wsdl:output>
    </wsdl:operation>
    <wsdl:operation name="GetDrugPricingByLatLong">
      <soap:operation soapAction="http://ws.PBMExpress.com/GetDrugPricingByLatLong" style="document" />
      <wsdl:input>
        <soap:body use="literal" />
        <soap:header message="tns:GetDrugPricingByLatLongUserCredentials" part="UserCredentials" use="literal" />
      </wsdl:input>
      <wsdl:output>
        <soap:body use="literal" />
      </wsdl:output>
    </wsdl:operation>
    <wsdl:operation name="GetDrugsByName">
      <soap:operation soapAction="http://ws.PBMExpress.com/GetDrugsByName" style="document" />
      <wsdl:input>
        <soap:body use="literal" />
        <soap:header message="tns:GetDrugsByNameUserCredentials" part="UserCredentials" use="literal" />
      </wsdl:input>
      <wsdl:output>
        <soap:body use="literal" />
      </wsdl:output>
    </wsdl:operation>
    <wsdl:operation name="DrugSearchByProdName">
      <soap:operation soapAction="http://ws.PBMExpress.com/DrugSearchByProdName" style="document" />
      <wsdl:input>
        <soap:body use="literal" />
        <soap:header message="tns:DrugSearchByProdNameUserCredentials" part="UserCredentials" use="literal" />
      </wsdl:input>
      <wsdl:output>
        <soap:body use="literal" />
      </wsdl:output>
    </wsdl:operation>
    <wsdl:operation name="GetGenericEquivalentByBrandNDC">
      <soap:operation soapAction="http://ws.PBMExpress.com/GetGenericEquivalentByBrandNDC" style="document" />
      <wsdl:input>
        <soap:body use="literal" />
        <soap:header message="tns:GetGenericEquivalentByBrandNDCUserCredentials" part="UserCredentials" use="literal" />
      </wsdl:input>
      <wsdl:output>
        <soap:body use="literal" />
      </wsdl:output>
    </wsdl:operation>
    <wsdl:operation name="GetBrandEquivalentByGenericNDC">
      <soap:operation soapAction="http://ws.PBMExpress.com/GetBrandEquivalentByGenericNDC" style="document" />
      <wsdl:input>
        <soap:body use="literal" />
        <soap:header message="tns:GetBrandEquivalentByGenericNDCUserCredentials" part="UserCredentials" use="literal" />
      </wsdl:input>
      <wsdl:output>
        <soap:body use="literal" />
      </wsdl:output>
    </wsdl:operation>
    <wsdl:operation name="ClaimsHistory">
      <soap:operation soapAction="http://ws.PBMExpress.com/ClaimsHistory" style="document" />
      <wsdl:input>
        <soap:body use="literal" />
        <soap:header message="tns:ClaimsHistoryUserCredentials" part="UserCredentials" use="literal" />
      </wsdl:input>
      <wsdl:output>
        <soap:body use="literal" />
      </wsdl:output>
    </wsdl:operation>
    <wsdl:operation name="NetClaimsHistory">
      <soap:operation soapAction="http://ws.PBMExpress.com/NetClaimsHistory" style="document" />
      <wsdl:input>
        <soap:body use="literal" />
        <soap:header message="tns:NetClaimsHistoryUserCredentials" part="UserCredentials" use="literal" />
      </wsdl:input>
      <wsdl:output>
        <soap:body use="literal" />
      </wsdl:output>
    </wsdl:operation>
    <wsdl:operation name="GetCarrierGroups">
      <soap:operation soapAction="http://ws.PBMExpress.com/GetCarrierGroups" style="document" />
      <wsdl:input>
        <soap:body use="literal" />
        <soap:header message="tns:GetCarrierGroupsUserCredentials" part="UserCredentials" use="literal" />
      </wsdl:input>
      <wsdl:output>
        <soap:body use="literal" />
      </wsdl:output>
    </wsdl:operation>
    <wsdl:operation name="GetMemberInformation">
      <soap:operation soapAction="http://ws.PBMExpress.com/GetMemberInformation" style="document" />
      <wsdl:input>
        <soap:body use="literal" />
        <soap:header message="tns:GetMemberInformationUserCredentials" part="UserCredentials" use="literal" />
      </wsdl:input>
      <wsdl:output>
        <soap:body use="literal" />
      </wsdl:output>
    </wsdl:operation>
  </wsdl:binding>
  <wsdl:binding name="PBMExpressSoap12" type="tns:PBMExpressSoap">
    <soap12:binding transport="http://schemas.xmlsoap.org/soap/http" />
    <wsdl:operation name="GetPharmacies">
      <soap12:operation soapAction="http://ws.PBMExpress.com/GetPharmacies" style="document" />
      <wsdl:input>
        <soap12:body use="literal" />
        <soap12:header message="tns:GetPharmaciesUserCredentials" part="UserCredentials" use="literal" />
      </wsdl:input>
      <wsdl:output>
        <soap12:body use="literal" />
      </wsdl:output>
    </wsdl:operation>
    <wsdl:operation name="GetPharmacyByNABP">
      <soap12:operation soapAction="http://ws.PBMExpress.com/GetPharmacyByNABP" style="document" />
      <wsdl:input>
        <soap12:body use="literal" />
        <soap12:header message="tns:GetPharmacyByNABPUserCredentials" part="UserCredentials" use="literal" />
      </wsdl:input>
      <wsdl:output>
        <soap12:body use="literal" />
      </wsdl:output>
    </wsdl:operation>
    <wsdl:operation name="GetPharmaciesByLatLong">
      <soap12:operation soapAction="http://ws.PBMExpress.com/GetPharmaciesByLatLong" style="document" />
      <wsdl:input>
        <soap12:body use="literal" />
        <soap12:header message="tns:GetPharmaciesByLatLongUserCredentials" part="UserCredentials" use="literal" />
      </wsdl:input>
      <wsdl:output>
        <soap12:body use="literal" />
      </wsdl:output>
    </wsdl:operation>
    <wsdl:operation name="GetPharmaciesByLatLongAndMember">
      <soap12:operation soapAction="http://ws.PBMExpress.com/GetPharmaciesByLatLongAndMember" style="document" />
      <wsdl:input>
        <soap12:body use="literal" />
        <soap12:header message="tns:GetPharmaciesByLatLongAndMemberUserCredentials" part="UserCredentials" use="literal" />
      </wsdl:input>
      <wsdl:output>
        <soap12:body use="literal" />
      </wsdl:output>
    </wsdl:operation>
    <wsdl:operation name="GetDrugPricingByNABP">
      <soap12:operation soapAction="http://ws.PBMExpress.com/GetDrugPricingByNABP" style="document" />
      <wsdl:input>
        <soap12:body use="literal" />
        <soap12:header message="tns:GetDrugPricingByNABPUserCredentials" part="UserCredentials" use="literal" />
      </wsdl:input>
      <wsdl:output>
        <soap12:body use="literal" />
      </wsdl:output>
    </wsdl:operation>
    <wsdl:operation name="GetDrugPricingByZipcode">
      <soap12:operation soapAction="http://ws.PBMExpress.com/GetDrugPricingByZipcode" style="document" />
      <wsdl:input>
        <soap12:body use="literal" />
        <soap12:header message="tns:GetDrugPricingByZipcodeUserCredentials" part="UserCredentials" use="literal" />
      </wsdl:input>
      <wsdl:output>
        <soap12:body use="literal" />
      </wsdl:output>
    </wsdl:operation>
    <wsdl:operation name="GetDrugPricingByLatLong">
      <soap12:operation soapAction="http://ws.PBMExpress.com/GetDrugPricingByLatLong" style="document" />
      <wsdl:input>
        <soap12:body use="literal" />
        <soap12:header message="tns:GetDrugPricingByLatLongUserCredentials" part="UserCredentials" use="literal" />
      </wsdl:input>
      <wsdl:output>
        <soap12:body use="literal" />
      </wsdl:output>
    </wsdl:operation>
    <wsdl:operation name="GetDrugsByName">
      <soap12:operation soapAction="http://ws.PBMExpress.com/GetDrugsByName" style="document" />
      <wsdl:input>
        <soap12:body use="literal" />
        <soap12:header message="tns:GetDrugsByNameUserCredentials" part="UserCredentials" use="literal" />
      </wsdl:input>
      <wsdl:output>
        <soap12:body use="literal" />
      </wsdl:output>
    </wsdl:operation>
    <wsdl:operation name="DrugSearchByProdName">
      <soap12:operation soapAction="http://ws.PBMExpress.com/DrugSearchByProdName" style="document" />
      <wsdl:input>
        <soap12:body use="literal" />
        <soap12:header message="tns:DrugSearchByProdNameUserCredentials" part="UserCredentials" use="literal" />
      </wsdl:input>
      <wsdl:output>
        <soap12:body use="literal" />
      </wsdl:output>
    </wsdl:operation>
    <wsdl:operation name="GetGenericEquivalentByBrandNDC">
      <soap12:operation soapAction="http://ws.PBMExpress.com/GetGenericEquivalentByBrandNDC" style="document" />
      <wsdl:input>
        <soap12:body use="literal" />
        <soap12:header message="tns:GetGenericEquivalentByBrandNDCUserCredentials" part="UserCredentials" use="literal" />
      </wsdl:input>
      <wsdl:output>
        <soap12:body use="literal" />
      </wsdl:output>
    </wsdl:operation>
    <wsdl:operation name="GetBrandEquivalentByGenericNDC">
      <soap12:operation soapAction="http://ws.PBMExpress.com/GetBrandEquivalentByGenericNDC" style="document" />
      <wsdl:input>
        <soap12:body use="literal" />
        <soap12:header message="tns:GetBrandEquivalentByGenericNDCUserCredentials" part="UserCredentials" use="literal" />
      </wsdl:input>
      <wsdl:output>
        <soap12:body use="literal" />
      </wsdl:output>
    </wsdl:operation>
    <wsdl:operation name="ClaimsHistory">
      <soap12:operation soapAction="http://ws.PBMExpress.com/ClaimsHistory" style="document" />
      <wsdl:input>
        <soap12:body use="literal" />
        <soap12:header message="tns:ClaimsHistoryUserCredentials" part="UserCredentials" use="literal" />
      </wsdl:input>
      <wsdl:output>
        <soap12:body use="literal" />
      </wsdl:output>
    </wsdl:operation>
    <wsdl:operation name="NetClaimsHistory">
      <soap12:operation soapAction="http://ws.PBMExpress.com/NetClaimsHistory" style="document" />
      <wsdl:input>
        <soap12:body use="literal" />
        <soap12:header message="tns:NetClaimsHistoryUserCredentials" part="UserCredentials" use="literal" />
      </wsdl:input>
      <wsdl:output>
        <soap12:body use="literal" />
      </wsdl:output>
    </wsdl:operation>
    <wsdl:operation name="GetCarrierGroups">
      <soap12:operation soapAction="http://ws.PBMExpress.com/GetCarrierGroups" style="document" />
      <wsdl:input>
        <soap12:body use="literal" />
        <soap12:header message="tns:GetCarrierGroupsUserCredentials" part="UserCredentials" use="literal" />
      </wsdl:input>
      <wsdl:output>
        <soap12:body use="literal" />
      </wsdl:output>
    </wsdl:operation>
    <wsdl:operation name="GetMemberInformation">
      <soap12:operation soapAction="http://ws.PBMExpress.com/GetMemberInformation" style="document" />
      <wsdl:input>
        <soap12:body use="literal" />
        <soap12:header message="tns:GetMemberInformationUserCredentials" part="UserCredentials" use="literal" />
      </wsdl:input>
      <wsdl:output>
        <soap12:body use="literal" />
      </wsdl:output>
    </wsdl:operation>
  </wsdl:binding>
  <wsdl:service name="PBMExpress">
    <wsdl:port name="PBMExpressSoap" binding="tns:PBMExpressSoap">
      <soap:address location="https://localhost:58922/PBMExpress.asmx" />
    </wsdl:port>
    <wsdl:port name="PBMExpressSoap12" binding="tns:PBMExpressSoap12">
      <soap12:address location="https://localhost:58922/PBMExpress.asmx" />
    </wsdl:port>
  </wsdl:service>
</wsdl:definitions>