{
    "scrollId": "CoEBEntqDXB-cHJvZC0xNTU0MjJyUwsSCk9meVJEVmFsdWUiQzg4dEFQNGl1SUszRnZPaC9MS1VQX0lNU19IQ09fQ0xBU1NPRlRSQURFTl9GQUNJTElUWVRZUEUvV0NBLlRFVC5QUEEMogEUREFUQV84OHRBUDRpdUlLM0Z2T2gYACAA",
    "values": [
        {
            "tenantId": "88tAP4iuIK3FvOh",
            "type": "rdm/lookupTypes/LKUP_IMS_ACO_DETAIL",
            "code": "aco_cont_care",
            "enabled": true,
            "sourceMappings": [
                {
                    "source": "IMSFactory",
                    "values": [
                        {
                            "code": "aco_cont_care",
                            "value": "US:",
                            "enabled": true,
                            "canonicalValue": false,
                            "downStreamDefaultValue": true
                        }
                    ]
                },
                {
                    "source": "IMSHCRS",
                    "values": [
                        {
                            "code": "aco_cont_care",
                            "value": "US:",
                            "enabled": true,
                            "canonicalValue": false,
                            "downStreamDefaultValue": true
                        }
                    ]
                },
                {
                    "source": "CRMMI",
                    "values": [
                        {
                            "code": "aco_cont_care",
                            "value": "US:",
                            "enabled": true,
                            "canonicalValue": false,
                            "downStreamDefaultValue": true
                        }
                    ]
                },
                {
                    "source": "Reltio",
                    "values": [
                        {
                            "code": "aco_cont_care",
                            "value": "aco_cont_care-Continuum of Care Indicator",
                            "enabled": true,
                            "canonicalValue": true,
                            "downStreamDefaultValue": true
                        },
                        {
                            "code": "aco_cont_care",
                            "value": "aco_cont_care-aco_cont_care-Continuum of Care Indicator",
                            "enabled": true,
                            "canonicalValue": false,
                            "downStreamDefaultValue": false
                        }
                    ]
                }
            ],
            "localizations": [
                {
                    "languageCode": "en-us",
                    "value": "Continuum of Care Indicator",
                    "description": "Continuum of Care Indicator"
                },
                {
                    "languageCode": "en",
                    "value": "Continuum of Care Indicator",
                    "description": "Continuum of Care Indicator"
                }
            ],
            "parents": [
                "rdm/lookupTypes/LKUP_IMS_COUNTRY_CODE/US"
            ],
            "startDate": 0,
            "endDate": 0,
            "updatedBy": "f.shahin",
            "updateDate": 1558666168062,
            "version": 2
        }
		]
		}