[
    {
        "uri": "changeRequests/2wgKhsEC",
        "createdBy": "vviresh",
        "createdTime": 1558344694197,
        "updatedBy": "vviresh",
        "updatedTime": 1558344694197,
        "changes": {
            "entities/1HSe9sUC": [
                {
                    "id": "2wgKhnxw",
                    "type": "UPDATE_ATTRIBUTE",
                    "createdTime": 1558344694197,
                    "createdBy": "vviresh",
                    "changeRequestURI": "changeRequests/2wgKhsEC",
                    "attributePath": "FirstName/286twSnIW",
                    "oldValue": {
                        "value": "Queue 2"
                    },
                    "newValue": {
                        "value": "Queue 1"
                    },
                    "crosswalk": {
                        "type": "configuration/sources/Reltio",
                        "value": "1HSe9sUC",
                        "dataProvider": true
                    },
                    "newPinOrIgnoreValue": false,
                    "attributeType": "configuration/entityTypes/HCP/attributes/FirstName"
                }
            ]
        },
        "type": "configuration/changeRequestTypes/default",
        "state": "AWAITING_REVIEW"
    }
]