{
      "entityUri": "entities/tJ1YUZd",
      "entityType": "configuration/entityTypes/HCP",
      "hasAddressUri": "relations/s5SepYd",
      "activityUri": "relations/s5Setot",
      "dcrStatus": "Approve",
    "dcrMessage": {
        "assignee": "vviresh",
        "processInstanceId": "35680475",
        "processType": "dataChangeRequestReview",
        "objectURIs": [
            "changeRequests/2BTKIZbd",
            "entities/tJ1YUZd"
        ],
        "createdBy": "vviresh",
        "priorityClass": "Medium",
        "taskType": "dcrInternalReview",
        "createTime": 1560764022432,
        "dueDate": 1560936822432,
        "processInstanceComments": [
            {
                "id": "35680490",
                "message": "Started Reviewing",
                "author": "vviresh",
                "time": 1560763733697
            }
        ],
        "taskId": "35680495",
        "displayName": "Internal DS Review",
        "processDefinitionDisplayName": "Data Change Request Review",
        "possibleActions": [
            {
                "action": "Approve",
                "label": "Approve"
            },
            {
                "action": "Reject",
                "label": "Reject"
            }
        ],
        "priority": 50,
        "preferredAction": {
            "action": "Approve",
            "label": "Approve"
        },
        "repeatingTask": false,
        "isOpen": false,
        "updateTime": 1560764109621,
        "completedAction": {
            "action": "Approve",
            "label": "Approve"
        },
        "completeTime": 1560764109621,
        "completedBy": "vviresh",
        "valid": true
    }
}