{
    "groupId": "453b7f3c-533b-4f8a-bf9c-d3c628e32ee4",
    "exportType": "ENTITIES",
    "version": "v1",
    "status": "scheduled",
    "details": "Export job has been scheduled. Result will be sent to your email: vvadiwala@us.imshealth.com",
    "taskIds": [
        "d878d562-4b80-4fe9-9288-5518a2687c6f",
        "c9a9414c-98cb-47af-bda9-5003d30ed566",
        "e0f9847d-8b87-4d57-9b16-c4fb47b432f6",
        "f6a4512d-dec3-416e-8b4e-2c1aa2e0d7c4",
        "a123c50a-dec9-4c5a-9b23-3e80fd4c2579",
        "684343de-96fe-450f-bb5f-9ee3e984edab"
    ]
}