[
    {
        "uri": "entities/u0Nkkr1",
        "attributes": {
            "Country": [
                {
                    "type": "configuration/entityTypes/HCP/attributes/Country",
                    "ov": true,
                    "value": "US-United States",
                    "lookupError": "1003: RDM canonical value mapping not found in tenant [Kjmc5DI6ZulMklx]",
                    "uri": "entities/u0Nkkr1/attributes/Country/1vF5rDl1C"
                }
            ],
            "SubscriptionFlag1": [
                {
                    "type": "configuration/entityTypes/HCP/attributes/SubscriptionFlag1",
                    "ov": true,
                    "value": "true",
                    "uri": "entities/u0Nkkr1/attributes/SubscriptionFlag1/1qAcFUjsH"
                }
            ],
            "SubscriptionFlag2": [
                {
                    "type": "configuration/entityTypes/HCP/attributes/SubscriptionFlag2",
                    "ov": true,
                    "value": "false",
                    "uri": "entities/u0Nkkr1/attributes/SubscriptionFlag2/1HKD1LLvE"
                }
            ]
        },
        "crosswalks": [
            {
                "uri": "entities/u0Nkkr1/crosswalks/1vF5rEJ7G",
                "type": "configuration/sources/Reltio",
                "value": "u0Nkkr1",
                "reltioLoadDate": "2019-03-15T11:57:17.430Z",
                "createDate": "2019-02-06T21:50:11.855Z",
                "updateDate": "2019-02-06T21:50:11.855Z",
                "attributes": [
                    "entities/u0Nkkr1/attributes/SubscriptionFlag2/1HKD1LLvE",
                    "entities/u0Nkkr1/attributes/Country/1vF5rDl1C",
                    "entities/u0Nkkr1/attributes/SubscriptionFlag1/1qAcFUjsH"
                ],
                "singleAttributeUpdateDates": {
                    "entities/u0Nkkr1/attributes/SubscriptionFlag2/1HKD1LLvE": "2019-02-19T18:47:51.457Z",
                    "entities/u0Nkkr1/attributes/SubscriptionFlag1/1qAcFUjsH": "2019-03-15T11:57:17.430Z"
                }
            }
        ]
    }
]