{  
   "uri":"entities/14pBJTJu",
   "type":"configuration/entityTypes/HCP",
   "createdBy":"vviresh",
   "createdTime":1538560655525,
   "updatedBy":"vviresh",
   "updatedTime":1551077130992,
   "attributes":{  
      "Country":[  
         {  
            "type":"configuration/entityTypes/HCP/attributes/Country",
            "ov":true,
            "value":"AE-United Arab Emirates",
            "lookupCode":"AE",
            "lookupRawValue":"AE",
            "uri":"entities/14pBJTJu/attributes/Country/1V2T9rsp4"
         }
      ],
      "FirstName":[  
         {  
            "type":"configuration/entityTypes/HCP/attributes/FirstName",
            "ov":true,
            "value":"Testdata1234445555555",
            "uri":"entities/14pBJTJu/attributes/FirstName/1V2T9rx5K"
         }
      ],
      "LastName":[  
         {  
            "type":"configuration/entityTypes/HCP/attributes/LastName",
            "ov":true,
            "value":"Test123",
            "uri":"entities/14pBJTJu/attributes/LastName/1V2T9s1La"
         }
      ],
      "Name":[  
         {  
            "type":"configuration/entityTypes/HCP/attributes/Name",
            "ov":true,
            "value":"Test Test123",
            "uri":"entities/14pBJTJu/attributes/Name/1V2T9s5bq"
         }
      ],
      "Prefix":[  
         {  
            "type":"configuration/entityTypes/HCP/attributes/Prefix",
            "ov":true,
            "value":"0010",
            "lookupError":"1003: RDM canonical value mapping not found in tenant [Kjmc5DI6ZulMklx]",
            "uri":"entities/14pBJTJu/attributes/Prefix/1WFhCNQaH"
         }
      ],
      "Nickname":[  
         {  
            "type":"configuration/entityTypes/HCP/attributes/Nickname",
            "ov":true,
            "value":"Testing",
            "uri":"entities/14pBJTJu/attributes/Nickname/1WFhCNZ6n"
         }
      ],
      "Gender":[  
         {  
            "type":"configuration/entityTypes/HCP/attributes/Gender",
            "ov":true,
            "value":"M",
            "lookupError":"1003: RDM canonical value mapping not found in tenant [Kjmc5DI6ZulMklx]",
            "uri":"entities/14pBJTJu/attributes/Gender/1WFhCNhdJ"
         }
      ],
      "SubscriptionFlag2":[  
         {  
            "type":"configuration/entityTypes/HCP/attributes/SubscriptionFlag2",
            "ov":true,
            "value":"false",
            "uri":"entities/14pBJTJu/attributes/SubscriptionFlag2/2KpunCehT"
         }
      ],
      "SubscriptionFlag3":[  
         {  
            "type":"configuration/entityTypes/HCP/attributes/SubscriptionFlag3",
            "ov":true,
            "value":"false",
            "uri":"entities/14pBJTJu/attributes/SubscriptionFlag3/1qT5GSZon"
         }
      ],
      "SubscriptionFlag4":[  
         {  
            "type":"configuration/entityTypes/HCP/attributes/SubscriptionFlag4",
            "ov":true,
            "value":"false",
            "uri":"entities/14pBJTJu/attributes/SubscriptionFlag4/2CR5bwk10"
         }
      ]
   },
   "isFavorite":false,
   "crosswalks":[  
      {  
         "uri":"entities/14pBJTJu/crosswalks/1V2T9s9s6",
         "type":"configuration/sources/Reltio",
         "value":"14pBJTJu",
         "reltioLoadDate":"2019-02-25T06:45:30.992Z",
         "createDate":"2018-10-03T09:57:35.525Z",
         "updateDate":"2018-10-03T09:57:35.525Z",
         "attributes":[  
            "entities/14pBJTJu/attributes/LastName/1V2T9s1La",
            "entities/14pBJTJu/attributes/Country/1V2T9rsp4",
            "entities/14pBJTJu/attributes/Prefix/1WFhCNQaH",
            "entities/14pBJTJu/attributes/SubscriptionFlag3/1qT5GSZon",
            "entities/14pBJTJu/attributes/Name/1V2T9s5bq",
            "entities/14pBJTJu/attributes/SubscriptionFlag4/2CR5bwk10",
            "entities/14pBJTJu/attributes/SubscriptionFlag2/2KpunCehT",
            "entities/14pBJTJu/attributes/FirstName/1V2T9rx5K",
            "entities/14pBJTJu/attributes/Gender/1WFhCNhdJ",
            "entities/14pBJTJu/attributes/Nickname/1WFhCNZ6n"
         ],
         "singleAttributeUpdateDates":{  
            "entities/14pBJTJu/attributes/Prefix/1WFhCNQaH":"2018-10-04T18:18:10.893Z",
            "entities/14pBJTJu/attributes/SubscriptionFlag3/1qT5GSZon":"2019-02-25T06:22:02.268Z",
            "entities/14pBJTJu/attributes/SubscriptionFlag4/2CR5bwk10":"2019-02-25T06:45:30.992Z",
            "entities/14pBJTJu/attributes/SubscriptionFlag2/2KpunCehT":"2019-02-25T06:17:58.564Z",
            "entities/14pBJTJu/attributes/FirstName/1V2T9rx5K":"2019-02-22T09:29:39.152Z",
            "entities/14pBJTJu/attributes/Gender/1WFhCNhdJ":"2018-10-04T18:18:10.893Z",
            "entities/14pBJTJu/attributes/Nickname/1WFhCNZ6n":"2018-10-04T18:18:10.893Z"
         }
      }
   ],
   "analyticsAttributes":{  

   },
   "label":"Testdata1234445555555 Test123,",
   "secondaryLabel":""
}