[
  {
        "uri": "entities/15WK2orF",
        "type": "configuration/entityTypes/HCP",
        "createdBy": "hnieto",
        "createdTime": 1536853423047,
        "updatedBy": "hnieto",
        "updatedTime": 1536853423047,
        "attributes": {
            "Country": [
                {
                    "type": "configuration/entityTypes/HCP/attributes/Country",
                    "ov": true,
                    "value": "US-United States",
                    "lookupCode": "US",
                    "lookupRawValue": "US",
                    "uri": "entities/15WK2orF/attributes/Country/1bESjlmfN"
                }
            ],
            "FirstName": [
                {
                    "type": "configuration/entityTypes/HCP/attributes/FirstName",
                    "ov": true,
                    "value": "AMY",
                    "uri": "entities/15WK2orF/attributes/FirstName/1bESjil81"
                }
            ],
            "LastName": [
                {
                    "type": "configuration/entityTypes/HCP/attributes/LastName",
                    "ov": true,
                    "value": "FERREIRA",
                    "uri": "entities/15WK2orF/attributes/LastName/1bESjlvBt"
                }
            ],
            "MiddleName": [
                {
                    "type": "configuration/entityTypes/HCP/attributes/MiddleName",
                    "ov": true,
                    "value": "A",
                    "uri": "entities/15WK2orF/attributes/MiddleName/1bESjkkjV"
                }
            ],
            "Gender": [
                {
                    "type": "configuration/entityTypes/HCP/attributes/Gender",
                    "ov": true,
                    "value": "F-Female",
                    "lookupCode": "F",
                    "lookupRawValue": "F",
                    "uri": "entities/15WK2orF/attributes/Gender/1bESjjrK9"
                }
            ],
            "StatusIMS": [
                {
                    "type": "configuration/entityTypes/HCP/attributes/StatusIMS",
                    "ov": true,
                    "value": "A-Active",
                    "lookupCode": "A",
                    "lookupRawValue": "A",
                    "uri": "entities/15WK2orF/attributes/StatusIMS/1bESjkxWH"
                }
            ],
            "SourceCreationDate": [
                {
                    "type": "configuration/entityTypes/HCP/attributes/SourceCreationDate",
                    "ov": true,
                    "value": "2013-09-10",
                    "uri": "entities/15WK2orF/attributes/SourceCreationDate/1bESjmXYD"
                }
            ],
            "SourceName": [
                {
                    "type": "configuration/entityTypes/HCP/attributes/SourceName",
                    "ov": true,
                    "value": "IMSHCRS",
                    "uri": "entities/15WK2orF/attributes/SourceName/1bESjjeXN"
                }
            ]

        },
        "isFavorite": false,
        "crosswalks": [
            {
                "uri": "entities/15WK2orF/crosswalks/1bESjmboT",
                "type": "configuration/sources/IMSHCRS",
                "value": "6322000",
                "reltioLoadDate": "2018-09-13T15:43:43.047Z",
                "createDate": "2018-09-13T15:43:43.047Z",
                "updateDate": "2018-09-13T15:43:43.047Z",
                "attributes": [
                    "entities/15WK2orF/attributes/LastName/1bESjlvBt",
                    "entities/15WK2orF/attributes/License/1bESjipOH/Rank/1bESjjNUL",
                    "entities/15WK2orF/attributes/Identifiers/1bESjm7yf",
                    "entities/15WK2orF/attributes/License/1bESjipOH/Category/1bESjj2B3",
                    "entities/15WK2orF/attributes/Identifiers/1bESjmKlR/ID/1bESjmTHx",
                    "entities/15WK2orF/attributes/License/1bESjipOH"
                ],
                "singleAttributeUpdateDates": {}
            }
        ],
        "analyticsAttributes": {},
        "label": "AMY A FERREIRA,",
        "secondaryLabel": "22 Pleasant View Dr Sparta NJ 07871"
    }
]