{
"Filter":
  {
    "entityType":"HCP",
    "ID":"contains#qYZJs5c",
    "FirstName": "equals#CYNTHIA",
    "LastName": "PECKHAM",
    "MiddleName":"B",
    "Gender": "F",
    "Name" :"SIDDIQI, NAEEM M, OFFICE",
    "ProfessionCode": "06",
    "AddressLine1": "22 PLEASANT VIEW DR",
    "Country": "US",
    "Specialty":"CSW",
    "Offset":0,
    "ExpectedLimit": 50,
    "Street" :"Pleasant View Dr",
    "City": "SPARTA",
    "Zip": "02903",
    "StateProvince" :"NJ",
    "Phone":"MN-Main 4013345437",
    "SpecialtyType":"SPEC-Specialty",
    "ClassofTradeN" :"17",
    "CorpParentName":"LIFESPAN",
    "SourceCreationDate":"2013-09-10",
    "SourceName": "IMSHCRS",
    "License":"SLN-State License 44SC05740400",
    "OwnershipStatus":"Independent"
},
"Config":
  [
    { 
      "credentials" : "1ewogICJ0b2tlbn"
     },
    { 
      "credentials" : "ewogICJ0b2tlbn"
     }
]
}