{
    "id": "0d4a796b-c045-407e-9e70-9cafc9d6d0d3",
    "groupId": "d8794d2b-886f-4a45-ac42-fea9574805b0",
    "createdTime": 1544431448198,
    "createdBy": "vviresh",
    "updatedTime": 1544431448198,
    "updatedBy": "vviresh",
    "type": "com.reltio.export.tasks.local.cassandra.EntitiesCassandraExportTask",
    "status": "COMPLETED",
    "name": "entities-cassandra-export-task[6lftnqja1c6sghi_08-44_entities_ed61]",
    "createdOnHost": "ip-54-86-193-194",
    "executedOnHost": "ip-54-204-149-174",
    "parallelExecution": true,
    "nodesGroup": "dev-jobs1",
    "startTime": 1544431449890,
    "endTime": 1544431549341,
    "parameters": {
        "updatedSince": "1543162140000",
        "distributedTaskIndex": "0",
        "s3Path": "/export/HCP/HCP_12_031_18",
        "partSize": "104857600",
        "headersStyle": "name",
        "specifiedMailAddress": "vvadiwala@us.imshealth.com",
        "taskId": "6lftnqja1c6sghi_08-44_entities_ed61",
        "useEsHeadersCollectionExport": "false",
        "updatedBefore": "1543162140000",
        "activeness": "ACTIVE",
        "fileFormat": "JSON",
        "parallelTasksIds": "[\"a3cea27e-2a74-4417-8a61-10c0b3582dc0\",\"21711918-3d68-4d04-8ccd-d0ea615a5a2e\",\"801c0f4b-5fcf-4647-9e1d-f740265d2dfc\",\"c4d12121-6ede-4cca-b29c-026497e83f20\",\"5457131e-7927-41d7-a77e-f24d01dfda09\"]",
        "tenantId": "6LFTnQjA1C6SgHi",
        "skipPostprocessing": "false",
        "s3Bucket": "lexi-reltio-mdm-dev",
        "includeType": "[\"configuration/entityTypes/HCP\"]",
        "queryParams": "{\"options\":\"parallelExecution\",\"activeness\":\"ACTIVE\"}",
        "exportName": "6lftnqja1c6sghi_08-44_entities",
        "userRoles": "ACCEPT_CHANGE_REQUEST,API_USER,ROLE_ADMIN_TENANT_6LFTnQjA1C6SgHi,ROLE_ADMIN_TENANT_88tAP4iuIK3FvOh,ROLE_ADMIN_TENANT_Kjmc5DI6ZulMklx,ROLE_ANALYTICS,ROLE_API,ROLE_EXPORT,ROLE_INITIATE_CHANGE_REQUEST,ROLE_RDM,ROLE_RDM_EDIT,ROLE_REVIEWER,ROLE_SFDC_CONNECTOR,ROLE_SFDC_CONNECTOR_ADMIN,ROLE_UI_ALL,ROLE_USER,ROLE_WORKFLOW",
        "ovOnly": "true",
        "username": "vviresh",
        "encryptUrl": "true",
        "headerFormat": "DEFAULT",
        "sePrefix": "false",
        "distributedTasksPartsCount": "6",
        "dateFormat": "TIMESTAMP",
        "mailAddress": "vvadiwala@us.imshealth.com",
        "exportPath": "export/HCP"
    },
    "currentState": {
        "statusId": 600,
        "status": "Completed",
        "lastExecutionEC2Instances": "i-0ac0a45784904cb37",
        "lastHourThroughput": 435.1044921875,
        "numberOfProcessedObjects": 0,
        "numberOfFailedToPublishEvents": 0,
        "numberOfObjects": 34704,
        "globalStatus": {
            "lastFiveMinReadThroughput": 2274,
            "lastFiveMinThroughput": 0,
            "entitiesTotal": 54642,
            "entitiesNumber": 0,
            "overallThroughput": 0,
            "overallReadThroughput": 2274
        },
        "exportUrls": [
            "https://dev.reltio.com/download.html?tenant=6LFTnQjA1C6SgHi&downloadExportUrl=https://lexi-reltio-mdm-dev.s3.amazonaws.com/export/HCP/HCP_12_031_18_part_1.zip?AWSAccessKeyId=UKW9fZephHjsLiiV1bpOFKekHozIDSPgT7gpf0H1Ac0%3D&Expires=1545036347&Signature=X2pc8vjz%2F4w6brr7fircMWgAk3M%3D"
        ]
    },
    "throughput": 0,
    "duration": "1m 39s"
}